{
  "project_info": {
    "project_number": "677935336590",
    "firebase_url": "https://clickawayapp-a8236-default-rtdb.europe-west1.firebasedatabase.app",
    "project_id": "clickawayapp-a8236",
    "storage_bucket": "clickawayapp-a8236.appspot.com"
  },
  "client": [
    {
      "client_info": {
        "mobilesdk_app_id": "1:677935336590:android:2945cc14c6e112972c0ddf",
        "android_client_info": {
          "package_name": "com.unipi.p17112.clickawayapp"
        }
      },
      "oauth_client": [
        {
          "client_id": "677935336590-gmmprmdg06k4qocmglr18pjtdg54sha0.apps.googleusercontent.com",
          "client_type": 3
        }
      ],
      "api_key": [
        {
          "current_key": "AIzaSyBlZdGAhKyvKow6sG9JtstGQfRxvG7_svE"
        }
      ],
      "services": {
        "appinvite_service": {
          "other_platform_oauth_client": [
            {
              "client_id": "677935336590-gmmprmdg06k4qocmglr18pjtdg54sha0.apps.googleusercontent.com",
              "client_type": 3
            }
          ]
        }
      }
    }
  ],
  "configuration_version": "1"
}